{"cameraMode":{"drawMode":0,"name":"Shaded","section":"Shading Mode"},"sceneLighting":false,"audioPlay":false,"sceneViewState":{"showFog":false,"showMaterialUpdate":false,"showSkybox":false,"showFlares":true,"showImageEffects":true,"showParticleSystems":true},"in2DMode":false,"pivot":{"x":0.6164222955703735,"y":0.6301866173744202,"z":0.05331134796142578},"rotation":{"x":0.0363546647131443,"y":0.3566015958786011,"z":-0.012422284111380577,"w":0.9337485432624817},"size":2.3150970935821535,"orthographic":false}