{"cameraMode":{"drawMode":0,"name":"Shaded","section":"Shading Mode"},"sceneLighting":false,"audioPlay":false,"sceneViewState":{"showFog":false,"showMaterialUpdate":false,"showSkybox":false,"showFlares":true,"showImageEffects":true,"showParticleSystems":true},"in2DMode":false,"pivot":{"x":-1.5874556303024293,"y":-0.2677769660949707,"z":-0.1207883358001709},"rotation":{"x":0.15834465622901917,"y":-0.739450991153717,"z":0.18621684610843659,"w":0.6275461912155151},"size":2.002270460128784,"orthographic":false}