{"cameraMode":{"drawMode":0,"name":"Shaded","section":"Shading Mode"},"sceneLighting":true,"audioPlay":false,"sceneViewState":{"showFog":false,"showMaterialUpdate":false,"showSkybox":true,"showFlares":true,"showImageEffects":true,"showParticleSystems":true},"in2DMode":false,"pivot":{"x":-67.46205139160156,"y":-26.591018676757814,"z":35.88982391357422},"rotation":{"x":0.1623508185148239,"y":-0.40938621759414675,"z":0.07411356270313263,"w":0.8949394226074219},"size":62.695743560791019,"orthographic":false}